,premium_brand,competitor_A,competitor_B,competitor_C,private_label
Intercept,0.5772838093676431,2.644647617598245,-3.75452476440025,-0.11341063386468438,2.614818340828631
Time,-0.11784630686761388,-0.014738991425848032,0.010992561546351212,-0.039190666601721706,0.0008208106838299874
Avg_Unit_Price,-0.32066323092562626,-0.3971413260042695,1.893820982307744,-0.38185635958522657,-0.7342816138395025
Avg_Number_Of_Stores_Selling,0.000951745143590221,0.0009355878758833913,0.0024789844960009786,0.0026991146704913103,0.0006420593602280747
Feat_Disp_Units,1.2314053820731754,0.40462088797280293,0.01,3.1133039240418263,-1.2332209416887
Feat_Wo_Disp_Units,0.09191405521632735,0.09299595251591765,0.08064506116598667,-0.052845524671232484,0.4859338812457703
Disp_Wo_Feat_Units,0.5709694189505163,0.8177606619869476,0.06084873697573662,-0.5495272195547848,0.5757754180859354
Distinct_Count_of_Units,0.29677681618872603,0.12015375994340619,-3.7545247636296373,-0.11341063459964928,0.1527938259124907
